step,fructose,fructose_6_p,allulose,allulose_6_p
0,1.7730882352941177,0.026531307325424976,1.9015634384423397e-05,0.00036144174607295716
1,1.7465750648288856,0.052311620955739685,7.366962129521629e-05,0.0010396445940795973
2,1.7204501276441766,0.07737662706868467,0.00017842038713111104,0.0019948249000076705
3,1.6947037296481011,0.10175892662204106,0.0003457736760582512,0.0031915700537995277
4,1.669326776100823,0.12548837747710367,0.0005864775717582228,0.004598368850315046
5,1.6443107125698777,0.14859239366770055,0.0009097015625792193,0.006187192199842559
6,1.6196474731369686,0.17109620764108774,0.0013232004196209498,0.00793311880232288
7,1.5953294348313283,0.19302310045329088,0.0018334637443366702,0.009814000971044234
8,1.5713493774257168,0.21439460418652895,0.002445852089677213,0.01181016629807717
9,1.547700447864452,0.23523068024958763,0.0031647205761327624,0.013904151309827695
10,1.524376128703703,0.2555498767062459,0.003993530918889135,0.0160804636711621
11,1.5013702100367088,0.2753694673378036,0.00493495276079506,0.01832536986469272
12,1.478676764453951,0.29470557477146053,0.005990955172742573,0.02062670560184615
13,1.4562901246532471,0.31357327968675536,0.007162889142153123,0.022973706517844566
14,1.434204863369418,0.3319867178390931,0.008451561824446098,0.025356856967043
15,1.4124157753393578,0.3499591664055189,0.00985730328386844,0.027767754971255092
16,1.3909178610574486,0.3675031209573971,0.01138002640056095,0.030198991584593434
17,1.3697063121094621,0.38463036419253166,0.01301928057147161,0.03264404312653463
18,1.3487764979013663,0.4013520274112837,0.014774299784599359,0.03509717490275063
19,1.328123953623582,0.4176786455938572,0.016644045599696188,0.03755335518286462
20,1.3077443693118804,0.4336202068260965,0.0186272455243966,0.04000817833762662
21,1.287633579883817,0.44918619672633164,0.020722427233046868,0.04245779615680461
22,1.2677875560448173,0.46438563844384584,0.022927949036417008,0.04489885647491994
23,1.248202395971141,0.47922712872858164,0.02524202697404901,0.04732844832622845
24,1.2288743176882722,0.49371887051019375,0.02766275886721234,0.04974405293432198
25,1.2097996520730783,0.5078687023711568,0.030188145639239862,0.05214349991652542
26,1.190974836416574,0.5216841252522186,0.032816110181308214,0.05452492814989949
27,1.172396408491501,0.5351723266880851,0.03554451401538776,0.056886750805026226
28,1.1540610010753622,0.5483402028359984,0.03837117198198592,0.05922762410665348
29,1.1359653368851443,0.5611943785291337,0.041293865158303564,0.061546419427418564
30,1.1181062238848631,0.573741225559868,0.04431035219237439,0.06384219836289469
31,1.1004805509313482,0.5859868793744626,0.04741837922051983,0.06611419047366943
32,1.083085283727441,0.597937254340095,0.05061568851888803,0.06836177341357619
33,1.0659174610550812,0.6095980577270957,0.053900026024821794,0.07058445519300145
34,1.048974191263669,0.6209748025333621,0.05726914785018958,0.07278185835277966
35,1.0322526489916395,0.6320728192639475,0.060720825896496376,0.07495370584791707
36,1.0157500721014632,0.6428972667665148,0.06425285267045465,0.0770998084615679
37,0.9994637588102745,0.6534531422124914,0.06786304538863525,0.07922005358859938
38,0.9833910650001119,0.6637452903041768,0.07154924945073711,0.08131439524497472
39,0.9675294016933208,0.6737784117795824,0.07530934135282302,0.08338284517427426
40,0.951876232680074,0.6835570712792817,0.07914123110448443,0.08542546493616046
41,0.9364290722862039,0.6930857046329045,0.08304286420724531,0.08744235887364685
42,0.9211854832706546,0.702368625617013,0.08701222324552467,0.08943366786680829
43,0.9061430748428515,0.7114100322308551,0.0910473291360855,0.0913995637902085
44,0.8912995007911706,0.7202140125318393,0.09514624207704818,0.09334024459994257
45,0.8766524577144856,0.7287845500684231,0.09930706223318483,0.09525592998390699
46,0.8621996833494818,0.737125528944413,0.10352793019029177,0.09714685751581406
47,0.8479389549870626,0.7452407385453743,0.10780702720791512,0.09901327925964858
48,0.8338680879717533,0.7531338779549064,0.11214257529654234,0.10085545877679862
49,0.8199849342785203,0.7608085600858981,0.11653283714253301,0.10267366849304925
50,0.806287381161894,0.7682683155495251,0.12097611590151425,0.1044681873870673
51,0.7927733498727023,0.7755165962826334,0.1254707548786807,0.10623929896598427
52,0.7794407944381051,0.7825567789522572,0.1300151371123897,0.10798728949724863
53,0.7662877005009644,0.7893921681543167,0.13460768487560498,0.10971244646911454
54,0.7533120842148968,0.7960259994220087,0.1392468591080965,0.11141505725499856
55,0.7405119911916409,0.8024614420580254,0.14393115879083015,0.1130954079595042
56,0.7278854954976278,0.8087016018034943,0.14865912027266104,0.11475378242621746
57,0.7154306986968811,0.8147495233554131,0.15342931655826367,0.11639046138944266
58,0.7031457289375839,0.8206081927433406,0.15824035656517582,0.11800572175390026
59,0.6910287400798464,0.8262805395751931,0.16309088435688948,0.1195998359880716
60,0.6790779108623887,0.8317694391611674,0.16797957835807786,0.12117307161836656
61,0.6672914441060109,0.8370777145240654,0.1729051505572954,0.12272569081262873
62,0.6556675659518786,0.8422081383036139,0.1778663457018144,0.12425795004269372
63,0.6442045251327831,0.8471634345617595,0.1828619404886635,0.12577009981679446
64,0.6329005922756651,0.8519462804953626,0.18789074275539877,0.12726238447357413
65,0.6217540592338033,0.8565593080621989,0.19295159067366188,0.12873504203033637
66,0.6107632384471782,0.8610051055257232,0.1980433519481579,0.1301883040789413
67,0.5999264623296154,0.8652862189236218,0.20316492302330796,0.13162239572345535
68,0.5892420826814074,0.8694051534648033,0.20831522829949853,0.13303753555429132
69,0.5787084701261908,0.8733643748591198,0.21349321936055257,0.13443393565413744
70,0.5683240135709362,0.8771663105837976,0.21869787421378542,0.1358118016314813
71,0.5580871196879789,0.8808133510902589,0.22392819654377566,0.137171332677987
72,0.5479962124180799,0.8843078509547522,0.2291832149807765,0.13851272164639183
73,0.538049732493574,0.8876521299759609,0.23446198238451152,0.13983615514595402
74,0.5282461369807113,0.8908484742225391,0.23976357514393956,0.14114181365281048
75,0.5185838988403565,0.8938991370333125,0.24508709249343363,0.14242987163289783
76,0.5090615065062541,0.896806339972698,0.2504316558456953,0.14370049767535295
77,0.4996774634801167,0.8995722737437184,0.2557964081416191,0.14495385463454621
78,0.49043028794283133,0.9021990990608301,0.2611805132172272,0.14619009977911185
79,0.48131851238112267,0.9046889474846339,0.26658315518771414,0.1474093849465297
80,0.47234068322904327,0.907043922220405,0.27200353784856945,0.14861185670198263
81,0.463495360523699,0.9092660988822494,0.2774408840936861,0.14979765650036575
82,0.45478111757464673,0.911357526224583,0.28289443535031045,0.15096692085046007
83,0.4461965406464322,0.9133202268425199,0.28836345103064376,0.15211978148040434
84,0.43774022865376344,0.9151561978426589,0.2938472079998694,0.15325636550370855
85,0.4294107928688401,0.9168674114856655,0.2993450000603458,0.15437679558514888
86,0.42120685664038465,0.9184558158019639,0.30485613745168066,0.1554811901059711
87,0.41312705512394204,0.9199233351817719,0.31037994636637933,0.15656966332790706
88,0.40517003502303767,0.9212718709406428,0.31591576848074254,0.15764232555557736
89,0.39733445434080145,0.922503301861608,0.32146296050067547,0.1586992832969154
90,0.38961898214168555,0.9236194847149544,0.32702089372205845,0.15974063942130198
91,0.3820222983229207,0.9246222547566081,0.3325889536053227,0.16076649331514886
92,0.37454309339537134,0.9255134262060482,0.3381665393638686,0.16177694103471232
93,0.367180068273467,0.9262947927046168,0.34375306356596036,0.1627720754559563
94,0.35993193407389956,0.9269681277550522,0.34934795174973055,0.16375198642131808
95,0.3527974119227918,0.9275351851430211,0.3549506420509272,0.1647167608832602
96,0.34577523277105354,0.9279976993413909,0.36056058484303866,0.1656664830445172
97,0.3388641372176553,0.9283573858979414,0.3661772423894333,0.16660123449497036
98,0.3320628753405588,0.928615941807182,0.3718000885071561,0.16752109434510337
99,0.32537020653505644,0.9287750458669061,0.3774286082420284,0.16842613935600934
100,0.3187848993592801,0.9288363590200832,0.38306229755470156,0.16931644406593535
101,0.31230573138664974,0.9288015246826619,0.38870066301732403,0.17019208091336463
102,0.30593148906504103,0.9286721690578273,0.3943432215204846,0.17105312035664733
103,0.29966096758245986,0.9284499014372346,0.3999894999901044,0.1718996309902014
104,0.29349297073901914,0.9281363144897118,0.40563903511395555,0.17273167965731384
105,0.2874263108250205,0.9277329845379069,0.41129137307749347,0.17354933155957944
106,0.28145980850495095,0.9272414718233323,0.41694606930869643,0.17435265036302058
107,0.27559229270721086,0.9266633207602376,0.42260268823161456,0.17514169830093715
108,0.2698226005193961,0.9260000601787273,0.42826080302833774,0.175916536273539
109,0.26414957708896236,0.9252532035575185,0.43391999540910103,0.17667722394441826
110,0.25857207552910605,0.9244242492467215,0.43957985539025274,0.17742381983391975
111,0.2530889568297008,0.923514680681008,0.44523998107981955,0.17815638140947182
112,0.24769908977313335,0.9225259665835165,0.45089997847041,0.17887496517294016
113,0.24240135085488806,0.921459561160837,0.4565594612392062,0.1795796267450687
114,0.23719462420873244,0.9203169042893945,0.4622180505548004,0.18027042094707266
115,0.23207780153636115,0.919099421693548,0.46787537489064224,0.1809474018794487
116,0.22704978204135948,0.9178085251157052,0.4735310698448678,0.18161062299806746
117,0.22210947236735065,0.9164456124787451,0.47918477796629083,0.1822601371876134
118,0.2172557865401953,0.9150120680410263,0.484836148586342,0.18289599683243632
119,0.21248764591411415,0.913509262544257,0.4904848376567506,0.18351825388487814
120,0.20780397912160825,0.9119385533544849,0.49613050759276867,0.18412695993113812
121,0.20320372202705425,0.9103012845964636,0.5017728271217443,0.1847221662547379
122,0.1986858176838541,0.9085987872816406,0.5074114711368582,0.18530392389764716
123,0.19424921629502226,0.9068323794300056,0.5130461205558428,0.18587228371912953
124,0.18989287517709472,0.90500336618603,0.5186764621845092,0.18642729645236633
125,0.18561575872724737,0.9031130399289219,0.5243021885849156,0.18696901275891534
126,0.1814168383935128,0.9011626803774166,0.5299229979480115,0.18749748328105942
127,0.17729509264798707,0.8991535546893114,0.5355385939706029,0.18801275869209896
128,0.17324950696291924,0.8970869175559537,0.541148685736487,0.18851488974464037
129,0.1692790737895793,0.8949640112918821,0.5467529876016076,0.18900392731693128
130,0.16538279253980076,0.892786065919816,0.5523512190830917,0.1894799224572918
131,0.16155966957009646,0.8905542992511842,0.5579431047520301,0.18994292642668947
132,0.15780871816824749,0.8882699169623792,0.5635283741298697,0.190392990739504
133,0.15412895854226652,0.8859341126669176,0.5691067615882895,0.19083016720252677
134,0.15051941781163836,0.8835480679836845,0.5746780062524394,0.19125450795223825
135,0.14697913000074161,0.8811129526014347,0.5802418519074191,0.19166606549040507
136,0.14350713603435702,0.8786299243397199,0.5857980469078864,0.19206489271803726
137,0.14010248373516854,0.8761001292064065,0.5913463440906809,0.19245104296774468
138,0.13676422782316527,0.8735247014519478,0.596886500690357,0.19282457003453046
139,0.13349142991685262,0.8709047636205671,0.602418278257523,0.19318552820505774
140,0.13028315853618264,0.8682414265985069,0.607941442579886,0.19353397228542493
141,0.12713848910711428,0.8655357896594976,0.613455763605905,0.19386995762748357
142,0.1240565039677154,0.8627889405075927,0.6189610153709608,0.1941935401537315
143,0.12103629237571921,0.8600019553175174,0.6244569759259507,0.19450477638081298
144,0.11807695051744882,0.8571758987726736,0.6299434272682214,0.1948037234416565
145,0.11517758151802462,0.8543118241009403,0.6354201552747557,0.1950904391062798
146,0.11233729545276981,0.8514107731084078,0.6408869496375321,0.19536498180129064
147,0.10955520935973044,0.8484737762111817,0.6463436038009772,0.19562741062811118
148,0.1068304472532273,0.8455018524653848,0.6517899149014359,0.19587778537995254
149,0.1041621401383577,0.8424960095954921,0.6572256837085853,0.19611616655756553
150,0.10154942602636606,0.8394572440211211,0.6626507145687205,0.1963426153837929
151,0.09899144995080317,0.8363865408824059,0.6680648153498444,0.19655719381694706
152,0.09648736398439475,0.8332848740640747,0.6734677973884938,0.19675996456303724
153,0.09403632725654099,0.8301532062183523,0.678859475438238,0.19695099108686925
154,0.09163750597136919,0.826992488786805,0.6842396676197866,0.19713033762203971
155,0.08929007342626324,0.8238036620212427,0.6896081953726476,0.19729806917984696
156,0.08699321003079379,0.8205876550037918,0.694964883408275,0.19745425155713983
157,0.08474610332597433,0.8173453856662498,0.7003095596646515,0.1975989513431248
158,0.0825479480037695,0.8140777608088288,0.7056420552622501,0.19773223592515204
159,0.08039794592678211,0.8107856761183958,0.7109622044613223,0.19785417349350015
160,0.07829530614804754,0.8074700161863132,0.7162698446204607,0.19796483304517895
161,0.07623924493086387,0.8041316545259801,0.7215648161563869,0.19806428438676946
162,0.07422898576858822,0.8007714535901759,0.7268469625049162,0.19815259813632
163,0.07226375940433015,0.7973902647883012,0.7321161300830525,0.19822984572431648
164,0.07034280385047433,0.7939889285036124,0.7373721682521681,0.19829609939374568
165,0.06846536440796572,0.7905682741105416,0.7426149292822243,0.1983514321992689
166,0.06663069368529173,0.7871291199921935,0.7478442683169911,0.19839591800552425
167,0.06483805161709685,0.7836722735581044,0.7530600433402244,0.19842963148457488
168,0.06308670548236656,0.7801985312623528,0.7582621151427603,0.19845264811252075
169,0.06137592992211855,0.7767086786221012,0.7634503472904893,0.19846504416529132
170,0.05970500695654059,0.7732034902366522,0.7686246060931715,0.19846689671363607
171,0.05807322600151552,0.7696837298070968,0.7737847605740574,0.19845828361733062
172,0.05647988388447548,0.7661501501566302,0.7789306824402796,0.19843928351861487
173,0.05492428485952852,0.7626034932516109,0.7840622460539801,0.19840997583488068
174,0.05340574062180247,0.7590444902234303,0.7891793284041414,0.19837044075062593
175,0.0519235703209522,0.7554738613912666,0.7942818090790893,0.19832075920869208
176,0.050477100573777904,0.7518923162857841,0.799369570239636,0.1982610129008022
177,0.04906566547590369,0.7483005536738461,0.8044424965928338,0.1981912842574166
178,0.04768860661246713,0.7446992615842983,0.8095004753663115,0.19811165643692322
179,0.04634527306777213,0.7410891173348851,0.8145433962831632,0.1980222133141797
180,0.04503502143385914,0.7374707875603516,0.8195711515373645,0.197923039468425
181,0.0437572158179482,0.7338449282417863,0.824583635769689,0.19781422017057673
182,0.04251122784871222,0.7302121847372556,0.8295807460440994,0.197695841369933
183,0.04129643668133947,0.7265731918137763,0.8345623818245893,0.19756798968029504
184,0.04011222900134602,0.722928573680674,0.8395284449524514,0.19743075236552873
185,0.03895799902710073,0.7192789440243674,0.8444788396239493,0.1972842173245827
186,0.03783314851102709,0.7156249060446214,0.849413472368371,0.19712847307598072
187,0.03673708673944808,0.7119670524923043,0.8543322520264419,0.1969636087418059
188,0.03566923053104212,0.7083059657086845,0.8592350897290784,0.19678971403119527
189,0.03462900423388,0.7046422176662992,0.8641218988764588,0.1966068792233623
190,0.033615839721014534,0.7009763700114229,0.8689925951173971,0.19641519515016584
191,0.0326291763845968,0.6973089741081646,0.8738470963289955,0.19621475317824347
192,0.03166846112849445,0.6936405710842151,0.8786853225965628,0.19600564519072805
193,0.030733148359389832,0.6899716918782668,0.8835071961937784,0.19578796356856545
194,0.029822699976337397,0.6863028572891248,0.8883126415630859,0.19556180117145242
195,0.02893658535876204,0.6826345780265236,0.8931015852963019,0.19532725131841294
196,0.028074281352881793,0.6789673547636645,0.8978739561154222,0.19508440776803201
197,0.027235272256540422,0.6753016781914818,0.9026296848536128,0.1948333646983655
198,0.0264190498024375,0.6716380290746474,0.9073687044363707,0.19457421668654495
199,0.02562511313974535,0.667976878309318,0.9120909498628412,0.1943070586880961
200,0.024852968814104474,0.6643186869826272,0.9167963581872784,0.19403198601599056
201,0.02410213074599087,0.6606639064339235,0.9214848685006376,0.19374909431944878
202,0.023372120207450775,0.6570129783177496,0.9261564219122861,0.19345847956251414
203,0.022662465797200288,0.6533663346685605,0.9308109615318233,0.19316023800241652
204,0.021972703414089283,0.6497243979671693,0.9354484324509974,0.19285446616774474
205,0.021302376228931018,0.6460875812089135,0.9400687817257094,0.19254126083644668
206,0.020651034654700782,0.6424562879735284,0.9446719583580954,0.192220719013676
207,0.020018236315108812,0.6388309124967111,0.9492579132786763,0.1918929379095043
208,0.01940354601155464,0.6352118397433598,0.9538265993285681,0.19155801491651794
209,0.018806535688471928,0.6315994454824675,0.9583779712417433,0.19121604758731772
210,0.018226784397074664,0.6279940963636492,0.9629119856273362,0.19086713361194046
211,0.01766387825751744,0.6243961499952773,0.9674286009519848,0.19051137079522099
212,0.01711741041948435,0.6208059550242004,0.9719277775222029,0.19014885703411286
213,0.01658698102122277,0.6172238512170164,0.9764094774667749,0.18977969029498643
214,0.016072197147040043,0.6136501695428698,0.9808736647191687,0.18940396859092187
215,0.01557267278328276,0.6100852322577409,0.9853203049999609,0.1890217899590158
216,0.015088028772820028,0.6065293529901931,0.9897493657992684,0.1886332524377189
217,0.01461789276805365,0.6029828368285418,0.9941608163591829,0.18823845404422213
218,0.014161899182479802,0.5994459804094084,0.9985546276562028,0.18783749275190934
219,0.013719689140828233,0.5959190720076183,1.0029307723836611,0.18743046646789277
220,0.013290910427806548,0.5924023916274028,1.0072892249341419,0.18701747301064917
221,0.012875217435478526,0.5888962110948633,1.0116299613818862,0.1865986100877724
222,0.01247227110930681,0.5854007941516522,1.015952959465182,0.18617397527385948
223,0.012081738892891639,0.5819163965498257,1.0202581985687371,0.1857436659885459
224,0.011703294671438541,0.5784432661478227,1.0245456597060332,0.18530777947470595
225,0.01133661871398914,0.5749816430075206,1.0288153255016568,0.18486641277683385
226,0.010981397614450345,0.5715317594923195,1.0330671801736104,0.1844196627196202
227,0.010637324231458356,0.5680938403662052,1.0373012095155978,0.18396762588673918
228,0.010304097627114874,0.5646681028937393,1.0415174008792858,0.1835103985998605
229,0.00998142300463395,0.5612547569409243,1.0457157431565418,0.18304807689790029
230,0.009669011644938785,0.5578540050768918,1.0498962267616454,0.1825807565165244
231,0.009366580842248663,0.5544660426763587,1.0540588436134752,0.18210853286791776
232,0.009073853838696962,0.5510910580227995,1.0582035871176716,0.18163150102083211
233,0.008790559758021973,0.5477292324122777,1.0623304521487753,0.18114975568092512
234,0.008516433538372843,0.5443807402578822,1.066439435032343,0.1806633911714021
235,0.008251215864273628,0.5410457491947133,1.0705305335270405,0.18017250141397273
236,0.007994653097788927,0.5377244201853616,1.0746037468067162,0.1796771799101333
237,0.007746497208935073,0.5344169076258247,1.0786590754424548,0.17917751972278534
238,0.007506505705381229,0.531123359451804,1.0826965213846138,0.1786736134582008
239,0.007274441561485115,0.5278439172453263,1.086716087944845,0.17816555324834327
240,0.007050073146708335,0.5245787163416339,1.0907177797781025,0.17765343073355502
241,0.0068331741534565235,0.5213278859362855,1.0947016028646397,0.177137337045618
242,0.00662352352438964,0.5180915491924141,1.0986675644919988,0.17661736279119725
243,0.006420905379247873,0.514869823348084,1.102615673236993,0.17609359803567498
244,0.006225108941238605,0.5116628198236918,1.1065459389476877,0.17556613228738174
245,0.006035928463029883,0.5084706443293575,1.1104583727253803,0.17503505448223214
246,0.005853163152395723,0.5052933969722491,1.1143529869065838,0.17450045296877123
247,0.005676617097558455,0.5021311723637873,1.1182297950450168,0.17396241549363728
248,0.005506099192273059,0.49898405972667814,1.1220888118936028,0.1734210291874461
249,0.005341423060698227,0.4958521430017173,1.1259300533864824,0.17287638055110216
250,0.005182406982098533,0.49273550095431784,1.1297535366210434,0.17232855544254036
251,0.0050288738154217125,0.4896342072807064,1.1335592798399694,0.17177763906390253
252,0.00488065092379465,0.4865483307137398,1.1373473024133138,0.1712237159491518
253,0.004737570098981181,0.48347793512829096,1.1411176248206,0.17066686995212788
254,0.004599467485844275,0.48042307964615566,1.1448702686329548,0.1701071842350453
255,0.004466183506854615,0.477383818740433,1.1486052564952753,0.1695447412574371
256,0.004337562786686949,0.474360202339332,1.1523226121084367,0.16897962276554443
257,0.004213454076944928,0.4713522759293591,1.156022360211542,0.16841190978215392
258,0.004093710181054452,0.46836008065784235,1.1597045265642203,0.16784168259688279
259,0.0039781878793647705,0.4653836534347487,1.1633691379289746,0.16726902075691175
260,0.0038667478544958255,0.462423027033752,1.1670162220535862,0.16669400305816562
261,0.0037592546169694895,0.45947823019251177,1.1706458076535782,0.1661167075369403
262,0.003655576431161499,0.4565492877121223,1.1742579243947406,0.16553721146197528
263,0.0035555852416099916,0.4536362205556943,1.1778526028757257,0.16495559132696977
264,0.003459156599715644,0.45073904594603226,1.1814298746107115,0.16437192284354038
265,0.0033661695908674583,0.4478577774623716,1.184989772012143,0.1637862809346179
266,0.0032765067620272666,0.44499242513614184,1.1885323283735507,0.16319873972828014
267,0.0031900540498050415,0.4421429955457229,1.192057577852454,0.16260937255201802
268,0.0031067007090560656,0.4393094919101632,1.1955655554533502,0.1620182519274306
269,0.00302633924202999,0.43649191418182975,1.1990562970107945,0.16142544956534577
270,0.002948865328100749,0.4336902591379615,1.202529839172576,0.1608310363613617
271,0.002874177754105228,0.4309045204710994,1.2059862193829902,0.16023508239180506
272,0.0028021783453175022,0.42813468887836714,1.2094254758662148,0.1596376569101004
273,0.0027327718970843657,0.4253807521495791,1.2128476476097905,0.1590388283435459
274,0.002665866107146759,0.42264269525415205,1.2162527743482112,0.1584386642904898
275,0.0026013715086706094,0.4199205004268002,1.2196408965466272,0.15783723151790172
276,0.002539201404009454,0.4172141472519936,1.223012055384664,0.15723459595933273
277,0.0024792717992201214,0.41452361274716143,1.2263662927403602,0.15663082271325804
278,0.0024215013393516054,0.4118488714446239,1.2297036511742288,0.15602597604179552
279,0.0023658112445261482,0.40918989547223666,1.2330241739134435,0.15542011936979355
280,0.0023121252468304315,0.4065466546327343,1.2363279048361542,0.15481331528428097
281,0.002260369528033652,0.4039191164817603,1.239614888455934,0.15420562553427208
282,0.0022104726581481486,0.40130724640457194,1.2428851699063606,0.15359711103091941
283,0.002162365534847144,0.39871100769141077,1.2461387949257354,0.15298783184800668
284,0.0021159813237530607,0.3961303616115298,1.249375809841943,0.1523778472227742
285,0.002071255399608796,0.3935652674858706,1.2525962615574515,0.15176721555706907
286,0.0020281252883432507,0.39101568275838416,1.2558001975344604,0.15115599441881222
287,0.00198653061004136,0.38848156306599135,1.2589876657801933,0.15054424054377413
288,0.0019464130228278105,0.38596286230717936,1.2621587148323419,0.14993200983765115
289,0.0019077161676726087,0.38345953270923205,1.2653133937446612,0.14931935737843444
290,0.0018703856141256418,0.3809715248940936,1.2684517520727183,0.1487063374190627
291,0.0018343688069863769,0.3784987879428656,1.2715738398597973,0.148093003390351
292,0.0017996150139138623,0.37604126945893906,1.2746797076229608,0.14747940790418662
293,0.0017660752739812402,0.37359891562976366,1.2777694063392715,0.146865602756984
294,0.0017337023471780371,0.3711716712872581,1.2808429874321743,0.14625163893339008
295,0.001702450664862581,0.3687594799668663,1.28390050275804,0.14563756661023156
296,0.0016722762811660066,0.36636228396526516,1.2869420045928737,0.14502343516069555
297,0.0016431368253484275,0.36398002439672955,1.289967545619187,0.1444092931587354
298,0.0016149914551070199,0.3616126412481639,1.2929771789130367,0.14379518838369287
299,0.0015878008108349277,0.3592600734328071,1.2959709579312302,0.14318116782512827
300,0.00156152697082911,0.3569222588426213,1.2989489364986995,0.14256727768785057
301,0.0015361334074444758,0.35459913439937424,1.3019111687960432,0.1419535633971387
302,0.0015115849441909048,0.3522906361044259,1.304857709347238,0.14134006960414575
303,0.001487847713769035,0.34999669908723197,1.3077886130075214,0.1407268401914782
304,0.001464889117040003,0.34771725765257566,1.3107039349514433,0.14011391827894157
305,0.0014426777829236567,0.345452245326542,1.3136037306610902,0.13950134622944482
306,0.001421183529219124,0.3432015949012473,1.3164880559144791,0.13888916565505513
307,0.0014003773243410017,0.34096523847833926,1.319356966774125,0.13827741742319555
308,0.0013802312499638539,0.3387431075112821,1.3222105195757776,0.1376661416629773
309,0.0013607184645671414,0.3365351328464424,1.325048770917332,0.13705537777165952
310,0.0013418131678721815,0.33434124476299165,1.3278717776479088,0.13644516442122834
311,0.0013234905661622279,0.33216137301164256,1.3306795968571077,0.1358355395650885
312,0.001305726838476288,0.3299954468522347,1.3334722858644306,0.13522654044485943
313,0.001288499103666846,0.32784339509018884,1.336249902208876,0.13461820359726917
314,0.0012717853883112298,0.3257051461118459,1.3390125036387048,0.13401056486113888
315,0.0012555645954659756,0.32358062791870984,1.3417601481013741,0.13340365938445092
316,0.0012398164742531608,0.32146976816061196,1.3444928937336418,0.13279752163149397
317,0.0012245215902673392,0.3193724941678161,1.3472107988518391,0.13219218539007824
318,0.0012096612967913898,0.317288732982083,1.349913921942312,0.1315876837788145
319,0.0011952177068092948,0.3152184113867134,1.3526023216520275,0.13098404925445056
320,0.0011811736658035958,0.3131614559355889,1.3552760567793491,0.1303813136192591
321,0.001167512725325025,0.3111177929812301,1.3579351862649751,0.1297795080284704
322,0.0011542191173215927,0.3090873487018917,1.3605797691830424,0.12917866299774494
323,0.0011412777292142062,0.3070700491277142,1.363209864732393,0.12857880841067929
324,0.0011286740797057204,0.3050658201659521,1.3658255322280024,0.1279799735263403
325,0.0011163942953101669,0.303074587625298,1.3684268310925702,0.12738218698682197
326,0.00110442508758877,0.3010962772393232,1.3710138208482685,0.12678547682481994
327,0.0010927537310792485,0.2991308146890538,1.3735865611086489,0.12618987047121843
328,0.0010813680419048052,0.2971781256247026,1.3761451115707082,0.12559539476268483
329,0.0010702563570491367,0.2952381356865768,1.3786895320071073,0.12500207594926704
330,0.0010594075142837348,0.29331077052518073,1.3812198822585464,0.12440993970198932
331,0.00104881083273372,0.29139595582053335,1.3837362222262912,0.12381901112044194
332,0.0010384560940684248,0.2894936173007203,1.3862386118648509,0.12322931474036049
333,0.0010283335243029433,0.28760368075970005,1.388727111174806,0.12264087454119094
334,0.0010184337761968741,0.2857260720743826,1.3912017801957843,0.12205371395363623
335,0.0010087479122365209,0.2838607172210008,1.3936626789995816,0.12146785586718092
336,0.0009992673881868484,0.282007542290793,1.39610986768343,0.12088332263759011
337,0.0009899840371995587,0.2801664735050149,1.3985434063634063,0.12030013609437923
338,0.0009808900544637205,0.27833743722930115,1.4009633551679836,0.11971831754825149
339,0.0009719779823854692,0.27652035998739266,1.4033697742317222,0.11913788779849971
340,0.000963240696283394,0.27471516847424954,1.4057627236890975,0.1185588671403696
341,0.0009546713905863365,0.27292178956856694,1.408142263668465,0.11798127537238172
342,0.0009462635655204432,0.27114015034471134,1.410508454286159,0.11740513180360922
343,0.0009380110142724468,0.2693701780840946,1.412861355640724,0.11683045526090899
344,0.0009299078106162893,0.2676118002860036,1.4152010278072762,0.11625726409610371
345,0.0009219482969903486,0.2658649446779015,1.4175275308319955,0.11568557619311244
346,0.0009141270730126884,0.26412953922521737,1.4198409247267418,0.11511540897502773
347,0.0009064389844219144,0.26240551214064123,1.4221412694637994,0.11454677941113713
348,0.0008988791124313943,0.2606927918929393,1.4244286249707416,0.1139797040238872
349,0.0008914427634847759,0.2589913072153062,1.4267030511254202,0.11341419889578833
350,0.000884125459400925,0.2573009871132688,1.4289646077510714,0.11285027967625849
351,0.0008769229278965925,0.25562176087215727,1.431213354611541,0.11228796158840475
352,0.0008698310934753192,0.2539535580641578,1.4334493514066258,0.11172725943574069
353,0.000862846068671285,0.2522963085549619,1.4356726577675276,0.11116818760883876
354,0.0008559641456370136,0.2506499425100255,1.4378833332524208,0.11061076009191614
355,0.000849181788064053,0.24901439040045298,1.4400814373421291,0.11005499046935319
356,0.0008424956234259629,0.24738958300851863,1.4422670294359115,0.10950089193214323
357,0.0008359024355331523,0.24577545143283905,1.444440168847354,0.10894847728427307
358,0.0008293991573893281,0.24417192709320956,1.4466009148003673,0.1083977589490332
359,0.0008229828643395335,0.242578941735117,1.4487493264252858,0.10784874897525708
360,0.0008166507674999729,0.24099642743394106,1.4508854627550696,0.10730145904348884
361,0.000810400207460041,0.2394243165988565,1.4530093827216042,0.10675590047207886
362,0.0008042286482471936,0.2378625419764471,1.4551211451520984,0.10621208422320677
363,0.0007981336715455214,0.2363110366540437,1.457220808765579,0.10567002090883147
364,0.0007921129711591043,0.23476973406279625,1.4593084321694763,0.1051297207965679
365,0.0007861643477114505,0.23323856798049122,1.4613840738563066,0.10459119381549027
366,0.0007802857035725389,0.23171747253412464,1.4634477922004407,0.10405444956186159
367,0.0007744750380052068,0.23020638220224063,1.4654996454549643,0.10351949730478949
368,0.0007687304425228395,0.22870523181704547,1.4675396917486232,0.1029863459918081
369,0.0007630500964505372,0.2272139565663064,1.4695679890828564,0.1024550042543863
370,0.0007574322626821478,0.22573249199504475,1.4715845953289106,0.10192548041336211
371,0.0007518752836257669,0.2242607740070316,1.4735895682250386,0.10139778248430355
372,0.000746377577330518,0.22279873886609558,1.4755829653737773,0.10087191818279609
373,0.0007409376337876322,0.2213463231972503,1.4775648442393046,0.10034789492965704
374,0.0007355540113990537,0.21990346398764987,1.4795352621448736,0.09982571985607691
375,0.0007302253336070007,0.2184700985873802,1.4814942762703238,0.09930539980868838
376,0.0007249502856781089,0.2170461647100939,1.4834419436496644,0.09878694135456297
377,0.0007197276116359854,0.21563160043349547,1.485378321168732,0.09827035078613602
378,0.0007145561113361907,0.2142263441996846,1.4873034655629183,0.09775563412606042
379,0.0007094346376778611,0.2128303348153635,1.4892174334149688,0.09724279713198926
380,0.0007043620939463683,0.21144351145191576,1.4911202811528488,0.09673184530128845
381,0.0006993374312815971,0.210065813645362,1.4930120650476764,0.09622278387567938
382,0.0006943596462666047,0.20869718129619938,1.4948928412117208,0.09571561784581242
383,0.0006894277786315987,0.20733755466913018,1.4967626655964656,0.09521035195577181
384,0.000684540909068346,0.20598687439268526,1.498621593990733,0.09470699070751254
385,0.000679698157150293,0.20464508145874782,1.5004696820188712,0.09420553836522993
386,0.0006748986793538444,0.20331211722198284,1.502306985139,0.09370599895966251
387,0.0006701416671764078,0.20198792339917693,1.5041335586413171,0.09320837629232885
388,0.0006654263453469706,0.2006724420684935,1.5059494576464596,0.09271267393969918
389,0.0006607519701251296,0.19936561566864802,1.5077547371039237,0.09221889525730237
390,0.0006561178276846434,0.1980673869980076,1.509549451790538,0.09172704338376907
391,0.000651523232577724,0.19677769921361926,1.5113336563089905,0.09123712124481172
392,0.0006469675262764286,0.19549649583017079,1.5131074050864097,0.09074913155714227
393,0.0006424500757876471,0.19422372071888852,1.5148707523729947,0.09026307683232825
394,0.0006379702723383207,0.19295931810637526,1.5166237522406976,0.08977895938058791
395,0.0006335275301276534,0.19170323257339225,1.5183664585819536,0.08929678131452555
396,0.00062912128514321,0.1904554090535885,1.52009892510846,0.08881654455280738
397,0.0006247509940379132,0.18921579283218085,1.5218212053500013,0.08833825082377894
398,0.000620416133065076,0.1879843295445878,1.5235333526533212,0.08786190166902491
399,0.0006161161970687209,0.18676096517502003,1.5252354201810383,0.08738749844687188
400,0.0006118506985265468,0.18554564605503085,1.5269274609106065,0.08691504233583514
401,0.0006076191666430195,0.18433831886202867,1.5286095276333171,0.08644453433801011
402,0.0006034211464901622,0.18313893061775485,1.5302816729533446,0.08597597528240926
403,0.0005992561981937262,0.18194742868672867,1.5319439492868312,0.08550936582824528
404,0.0005951238961625216,0.18076376077466244,1.5335964088610126,0.08504470646816134
405,0.0005910238283587807,0.1795878749268485,1.5352391037133823,0.08458199753140921
406,0.0005869555956075228,0.17841971952652055,1.5368720856908948,0.08412123918697602
407,0.000582918810942973,0.1772592432931913,1.5384954064492042,0.08366243144666041
408,0.0005789130989901782,0.17610639528096825,1.5401091174519415,0.083205574168099
409,0.000574938095380042,0.17496112487684964,1.5417132699700256,0.08275066705774357
410,0.000570993446196083,0.17382338179900228,1.54330791508101,0.08229770967379031
411,0.0005670788074512954,0.17269311609502264,1.5448931036684634,0.0818467014290613
412,0.0005631938445935667,0.17157027814018327,1.5464688864213825,0.08139764159383936
413,0.0005593382320381756,0.17045481863566586,1.5480353138336378,0.0809505292986569
414,0.0005555116527259659,0.16934668860678195,1.5495924362034514,0.08050536353703941
415,0.0005517137977058516,0.16824583940118334,1.551140303632905,0.08006214316820458
416,0.0005479443657403781,0.1671522226870631,1.5526789660274778,0.07962086691971741
417,0.0005442030629331204,0.16606579045134814,1.554208473095615,0.07918153339010238
418,0.0005404896023767588,0.1649864949978852,1.5557288743483235,0.07874414105141316
419,0.0005368037038207295,0.1639142889456205,1.5572402190987968,0.07830868825176059
420,0.0005331450933573983,0.16284912522677472,1.5587425564620667,0.07787517321779978
421,0.0005295135031257596,0.16179095708501404,1.5602359353546822,0.07744359405717675
422,0.0005259086710317115,0.160739738073618,1.5617204044944135,0.07701394876093548
423,0.000522330340484002,0.15969542205364531,1.5631960123999835,0.07658623520588595
424,0.0005187782601449912,0.1586579631920983,1.5646628073908215,0.07616045115693387
425,0.0005152521836954122,0.1576273159600866,1.566120837586844,0.07573659426937264
426,0.0005117518696123594,0.15660343513099123,1.567570150908257,0.07531466209113828
427,0.0005082770809597685,0.15558627577862907,1.569010795075382,0.07489465206502795
428,0.0005048275851906925,0.1545757932754192,1.5704428176085063,0.07447656153088252
429,0.0005014031539607119,0.1535719432905509,1.5718662658277531,0.07406038772773404
430,0.0004980035629518545,0.15257468178815453,1.573281186852974,0.07364612779591853
431,0.0004946285917064292,0.1515839650254751,1.5746876276036628,0.0732337787791546
432,0.0004912780234702122,0.15059974955104996,1.57608563479889,0.07282333762658874
433,0.00048795164504445316,0.14962199220289002,1.5774752549572568,0.07241480119480763
434,0.0004846492466461962,0.1486506501066658,1.578856534396869,0.07200816624981801
435,0.00048137062177643823,0.1476856806738983,1.5802295192353295,0.07160342946899488
436,0.0004781155670956736,0.14672704160015493,1.5815942553897502,0.07120058744299827
437,0.00047488388230639705,0.14577469086325126,1.582950788576782,0.07079963667765934
438,0.0004716753700421616,0.14482858672145865,1.584299164312662,0.07040057359583615
439,0.00046848983576280835,0.14388868771171803,1.5856394279132784,0.07000339453923976
440,0.00046532708765550885,0.14295495264786026,1.5869716244942522,0.06960809577023103
441,0.00046218693654127775,0.14202734061883326,1.5882957989710358,0.06921467347358873
442,0.0004590691957866347,0.1411058109869361,1.5896119960590271,0.06882312375824931
443,0.0004559736812201115,0.14019032338606033,1.5909202602736998,0.06843344265901889
444,0.000452900211053317,0.13928083771993885,1.5922206359307491,0.06804562613825788
445,0.00044984860580629064,0.1383773141604024,1.5935131671462517,0.06765967008753873
446,0.0004468186882368876,0.13747971314564356,1.5947978978368413,0.06727557032927724
447,0.0004438102832739567,0.13658799537848923,1.596074871719898,0.06689332261833782
448,0.00044082321795408324,0.13570212182468072,1.597344132313751,0.06651292264361318
449,0.00043785732136168357,0.13482205371116246,1.5986057229378958,0.06613436602957887
450,0.00043491242457224983,0.1339477525243788,1.5998596867132249,0.06575764833782302
451,0.0004319883605985555,0.1330791800085795,1.6011060665622692,0.06538276506855177
452,0.00042908496433964323,0.13221629816413363,1.602344905209455,0.0650097116620707
453,0.00042620207253242753,0.13135906924585236,1.6035762451813713,0.06463848350024272
454,0.000423339523705753,0.1305074557613202,1.6048001288070501,0.06426907590792276
455,0.00042049715813676105,0.1296614204692353,1.6060165982182573,0.06390148415436966
456,0.00041767481780942433,0.12882092637775847,1.6072256953497956,0.06353570345463554
457,0.0004148723463751176,0.1279859367428714,1.6084274619398193,0.06317172897093315
458,0.00041208958911510184,0.1271564150667435,1.609621939530159,0.06280955581398145
459,0.00040932639290480554,0.12633232509610806,1.6108091694666564,0.06244917904432984
460,0.0004065826061797937,0.1255136308206474,1.6119891928995107,0.0620905936736612
461,0.0004038580789033228,0.12470029647138701,1.6131620507836344,0.061733794666074364
462,0.00040115266253538495,0.12389228651909902,1.6143277838790187,0.06137877693934609
463,0.0003984662100031519,0.12308956567271463,1.6154864327511085,0.061025535366172994
464,0.00039579857567273327,0.12229209887774577,1.616638037771187,0.060674064775393666
465,0.00039314961532217025,0.12149985131471591,1.6177826391167698,0.06032435995319141
466,0.00039051918611558977,0.12071278839760012,1.618920276772006,0.05997641564427771
467,0.0003879071465784498,0.11993087577227414,1.6200509905280898,0.05963022655305698
468,0.00038531335657380984,0.11915407931497278,1.6211748199836802,0.05928578734477255
469,0.00038273767727956524,0.11838236513075744,1.6222918045453278,0.05894309264663456
470,0.00038017997116658787,0.11761569955199269,1.6234019834279105,0.05860213704892969
471,0.0003776401019777194,0.11685404913683221,1.6245053956550763,0.05826291510611325
472,0.00037511793470756613,0.11609738066771366,1.6256020800596946,0.057925421337883726
473,0.0003726133355830486,0.11534566114986278,1.6266920752843135,0.057589650230240215
474,0.0003701261720446611,0.11459885780980654,1.6277754197816254,0.05725559623652283
475,0.0003676563127284004,0.11385693809389542,1.6288521518149393,0.056923253778436454
476,0.00036520362744832364,0.11311986966683472,1.6299223094586583,0.05659261724705806
477,0.00036276798717970013,0.11238762041022485,1.630985930598767,0.05626368100382781
478,0.0003603492640427223,0.11166015842111073,1.6320430529333216,0.05593643938152423
479,0.0003579473312867443,0.11093745201054012,1.633093713972949,0.05561088668522366
480,0.0003555620632750181,0.11021946970213085,1.6341379510413494,0.05528701719324417
481,0.0003531933354698996,0.10950618023064707,1.6351758012758082,0.05496482515807432
482,0.00035084102441849805,0.10879755254058428,1.6362073016277099,0.054644304807286784
483,0.000348505007738745,0.1080935557847633,1.6372324888630603,0.05432545034443722
484,0.00034618516410585965,0.10739415932293307,1.6382513995630121,0.05400825594994853
485,0.0003438813732391888,0.10669933272038212,1.6392640701243975,0.05369271578198073
486,0.0003415935158894021,0.1060090457465589,1.6402705367602646,0.05337882397728667
487,0.00033932147382602373,0.10532326837370075,1.641270835500419,0.0530665746520537
488,0.00033706512982528236,0.1046419707754717,1.642265002191971,0.05275596190273172
489,0.00033482436765826386,0.10396512332560871,1.643253072499885,0.0524469798068475
490,0.00033259907207935105,0.10329269659657658,1.6442350819075378,0.052139622423805744
491,0.00033038912881493615,0.1026246613582315,1.645211065717276,0.05183388379567689
492,0.00032819442455239245,0.10196098857649306,1.646181059050982,0.05152975794797197
493,0.00032601484692929315,0.1013016494120247,1.6471450968506407,0.05122723889040465
494,0.00032385028452286467,0.10064661521892272,1.6481032138789131,0.05092632061764061
495,0.0003217006268396645,0.09999585754341359,1.6490554447197114,0.05062699711003454
496,0.00031956576430547265,0.09934934812255962,1.6500018237787792,0.05032926233435481
497,0.00031744558825538713,0.09870705888297307,1.6509423852842746,0.05003311024449606
498,0.0003153399909241146,0.09806896193953842,1.6518771632873568,0.049738534782179884
499,0.00031324886543644773,0.09743502959414292,1.652806191662776,0.04944552987764375
500,0.0003111721057979212,0.09680523433441532,1.6537295041094677,0.04915408945031831
501,0.000309109606885639,0.09617954883247282,1.6546471341511475,0.04886420740949329
502,0.0003070612644392659,0.09555794594367602,1.6555591151369118,0.04857587765497216
503,0.0003050269750521773,0.09494039870539207,1.6564654802418393,0.04828909407771562
504,0.0003030066361627599,0.09432688033576578,1.6573662624675964,0.04800385056047417
505,0.00030100014604585884,0.09371736423249866,1.6582614946430447,0.04772014097840988
506,0.0002990074038043654,0.09311182397163605,1.6591512094248513,0.04743795919970755
507,0.0002970283093609397,0.09251023330636202,1.660035439298101,0.047157299086175275
508,0.00029506276344986454,0.09191256616580222,1.6609142165769124,0.046878154493834735
509,0.00029311066760902494,0.09131879665383452,1.6617875734050545,0.04660051927350128
510,0.00029117192417201003,0.09072889904790739,1.662655541756566,0.04632438727135388
511,0.00028924643626033277,0.09014284779786604,1.6635181534363777,0.046049752329495215
512,0.0002873341077757636,0.08956061752478627,1.6643754400809352,0.04577660828650196
513,0.00028543484339277537,0.08898218301981599,1.665227433158825,0.045504948977965386
514,0.00028354854855109485,0.0884075192430243,1.6660741639714014,0.045234768237022493
515,0.00028167512944835915,0.08783660132225808,1.666915663653415,0.044966059894877716
516,0.00027981449303287286,0.0872694045520063,1.6677519631736446,0.04469881778131541
517,0.0002779665469964637,0.08670590439227158,1.668583093335528,0.044433035725203164
518,0.0002761311997674341,0.08614607646744936,1.6694090847777963,0.04416870755498616
519,0.0002743083605036057,0.08558989656521439,1.6702299679751085,0.04390582709917265
520,0.00027249793908545487,0.0850373406354146,1.6710457732386885,0.043644388186810636
521,0.00027069984610933657,0.08448838478897226,1.6718565307169617,0.04338438464795598
522,0.0002689139928807947,0.08394300529679247,1.6726622703961942,0.04312581031413195
523,0.00026714029140795687,0.08340117858867878,1.6734630221011322,0.04286865901878045
524,0.00026537865439501136,0.08286288125225615,1.6742588154956433,0.04261292459770488
525,0.0002636289952357646,0.08232809003190092,1.6750496800833576,0.04235860088950488
526,0.0002618912280072775,0.08179678182767798,1.675835645208311,0.04210568173600305
527,0.00026016526746357876,0.08126893369428494,1.6766167400555871,0.041854160982663695
528,0.0002584510290294537,0.08074452284000339,1.6773929936519627,0.04160403247900378
529,0.00025674842879430665,0.08022352662565711,1.6781644348665519,0.04135529007899611
530,0.0002550573835060962,0.07970592256357723,1.678931092411451,0.041107927641464974
531,0.00025337781056534097,0.07919168831657426,1.6796929948423855,0.04086193903047426
532,0.0002517096280191955,0.07868080169691713,1.6804501705593549,0.04061731811570814
533,0.0002500527545555938,0.07817324066531883,1.6812026478072803,0.04037405877284447
534,0.00024840710949746055,0.07766898332992903,1.6819504546766517,0.040132154883921085
535,0.0002467726127969878,0.07716800794533332,1.6826936191041741,0.03989160033769486
536,0.0002451491850299766,0.07667029291155923,1.6834321688734162,0.03965238902999385
537,0.00024353674739024172,0.07617581677308888,1.6841661316154575,0.0394145148640626
538,0.00024193522168407944,0.07568455821787824,1.6848955348095365,0.03917797175090049
539,0.00024034453032479637,0.07519649607638304,1.6856204057836979,0.03894275360959357
540,0.00023876459632729875,0.07471160932059112,1.6863407717154413,0.03870885436763962
541,0.00023719534330274132,0.07422987706306142,1.6870566596323684,0.03847626796126682
542,0.00023563669545323448,0.07375127855596932,1.687768096412831,0.0382449883357459
543,0.00023408857756660923,0.07327579319015844,1.6884751087865784,0.03801500944569604
544,0.0002325509150112386,0.07280340049419891,1.6891777233354048,0.03778632525538446
545,0.00023102363373091506,0.07233408013345188,1.6898759664937968,0.03755892973901989
546,0.0002295066602397827,0.0718678119091404,1.6905698645495792,0.03733281688103997
547,0.00022799992161732385,0.07140457575742656,1.691259443644563,0.037107980676392635
548,0.0002265033455033988,0.07094435174849488,1.6919447297751895,0.036884415130811664
549,0.00022501686009333832,0.07048712008564184,1.692625748793178,0.036662114261086357
550,0.0002235403941330878,0.07003286110437174,1.6933025264061692,0.036441072095325516
551,0.00022207387691440273,0.06958155527149838,1.693975088178371,0.036221282673215775
552,0.0002206172382700943,0.06913318318425317,1.694643459531202,0.03600274004627432
553,0.00021917040856932502,0.068687725569399,1.6953076657439352,0.035785438278096215
554,0.000217733318712953,0.06824516328235032,1.6959677319543403,0.0355693714445962
555,0.00021630590012892482,0.06780547730629907,1.6966236831593264,0.03535453363424527
556,0.0002148880847677159,0.0673686487513466,1.6972755442155836,0.03514091894830191
557,0.0002134798050978181,0.06693465885364143,1.6979233398402223,0.03492852150103821
558,0.00021208099410127356,0.06650348897452299,1.6985670946114146,0.034717335419960846
559,0.00021069158526925444,0.06607512059967102,1.6992068329690324,0.034507354846027065
560,0.00020931151259768788,0.06564953533826094,1.6998425792152854,0.034298573933855644
561,0.0002079407105829255,0.06522671492212478,1.700474357515359,0.03409098685193307
562,0.00020657911421745705,0.064806641204918,1.7011021918980493,0.03388458778281479
563,0.00020522665898566747,0.06438929616129185,1.7017261062564002,0.03367937092332182
564,0.0002038832808596369,0.06397466188607147,1.7023461243483358,0.03347533048473261
565,0.00020254891629498304,0.06356272059343952,1.7029622697972946,0.03327246069297035
566,0.00020122350222674543,0.0631534546161255,1.7035745660928614,0.033070755788785704
567,0.000199906976065311,0.06274684640460042,1.7041830365913986,0.03287021002793508
568,0.00019859927569238042,0.062342878526277144,1.7047877045166753,0.03267081768135455
569,0.00019730033945697482,0.061941533664716115,1.7053885929604968,0.03247257303532933
570,0.00019601010617148224,0.06154279461883652,1.705985724883332,0.03227547039165908
571,0.0001947285151077435,0.061146644302132874,1.7065791231149396,0.032079504067818954
572,0.0001934555059931768,0.06075306574189692,1.7071688103549927,0.03188466839711648
573,0.00019219101900694075,0.060362042078444915,1.707754809173703,0.03169095772884437
574,0.00019093499477613527,0.05997355656435014,1.7083371420124436,0.03149836642842936
575,0.00018968737437204008,0.05958759256368073,1.7089158311843695,0.031306888877577
576,0.0001884480993063899,0.05920413355124268,1.7094908988750377,0.031116519474412588
577,0.00018721711152768655,0.058823163111828086,1.7100623671430253,0.030927252633618226
578,0.00018599435341754686,0.058444664939468476,1.710630257920547,0.030739082786566143
579,0.0001847797677870865,0.058068622836693326,1.7111945930140706,0.030552004381448235
580,0.00018357329787333895,0.05769502071379365,1.7117553941049304,0.030366011883401958
581,0.00018237488733570934,0.057323842588090604,1.7123126827499404,0.030181099774632587
582,0.00018118448025246286,0.056955072583209164,1.7128664803820057,0.029997262554531938
583,0.000180002021117247,0.05658869492835678,1.7134168083107317,0.029814494739793553
584,0.00017882745483564758,0.056224693957606965,1.7139636877230322,0.029632790864524465
585,0.00017766072672177808,0.05586305410918782,1.7145071396837361,0.029452145480353527
586,0.00017650178249490163,0.05550375992477545,1.7150471851361926,0.02927255315653642
587,0.00017535056827608573,0.05514679604879224,1.7155838449028737,0.02909400848005735
588,0.00017420703058488888,0.05479214722770998,1.7161171396859771,0.02891650605572753
589,0.00017307111633607913,0.054439798309357725,1.7166470900680253,0.02874004050628042
590,0.00017194277283638385,0.05408973424223448,1.7171737165124648,0.02856460647246386
591,0.00017082194778127066,0.053741940074826584,1.7176970393642625,0.028390198613129105
592,0.0001697085892517589,0.053396400954929785,1.7182170788505011,0.028216811605316805
593,0.0001686026457112616,0.05305310212897603,1.718733855080972,0.028044440144339985
594,0.00016750406600245718,0.052712028941364834,1.719247388048768,0.027873078943864083
595,0.000166412799344191,0.052373166833799285,1.7197576976308717,0.027702722735984092
596,0.00016532879532840612,0.05203650134462663,1.7202648035887453,0.02753336627129883
597,0.00016425200391710306,0.051702018108183395,1.7207687255689164,0.027365004318982408
598,0.0001631823754393282,0.05136970285414501,1.721269483103562,0.02719763166685292
599,0.00016211986058819043,0.05103954140687992,1.7217670956110926,0.02703124312143844
600,0.00016106441041790597,0.05071151968480819,1.7222615823967329,0.0268658335080403
601,0.00016001597634087084,0.05038562369976447,1.7227529626531002,0.02670139767079378
602,0.00015897451012476053,0.0500618395563654,1.723241255460783,0.026537930472726165
603,0.0001579399638896571,0.04974015345138135,1.723726479788916,0.026375426795812285
604,0.0001569122901052027,0.04942055167311251,1.724208654495754,0.026213881541027516
605,0.00015589144158777998,0.049103020600769286,1.724687798329244,0.02605328962839836
606,0.00015487737149771818,0.048787546703856974,1.725163929927594,0.025893645997050546
607,0.00015387003333652578,0.048474116541564666,1.7256370678198434,0.025734945605254786
608,0.0001528693809441482,0.04816271676215837,1.7261072304264267,0.025577183430470166
609,0.0001518753684962511,0.04785333410237836,1.7265744360597395,0.02542035446938524
610,0.0001508879505015289,0.04754595538684064,1.7270387029247003,0.02526445373795685
611,0.00014990708179903772,0.04724056752744254,1.727500049119311,0.025109476271446718
612,0.00014893271755555317,0.04693715752277248,1.7279584926352156,0.02495541712445584
613,0.00014796481326295228,0.04663571245752373,1.728414051358256,0.024802271370956724
614,0.00014700332473561949,0.04633621950191226,1.7288667430690279,0.024650034104323537
615,0.00014604820810787617,0.046038665911098606,1.7293165854434327,0.024498700437360122
616,0.00014509941983143398,0.04574303902461371,1.729763596053228,0.024348265502326
617,0.00014415691667287112,0.04544932626578877,1.7302077923665773,0.024198724450960354
618,0.00014322065571113177,0.045157515141188986,1.730649191748595,0.024050072454504034
619,0.00014229059433504818,0.04486759324005121,1.7310878114618933,0.02390230470371961
620,0.00014136669024088536,0.044579548233725536,1.7315236686671232,0.023755416408909536
621,0.0001404489014299078,0.044293367875120684,1.731956780423516,0.023609402799932414
622,0.0001395371862059684,0.04400903999815326,1.7323871636894224,0.023464259126217423
623,0.00013863150317311923,0.043726552517200784,1.732814835322848,0.023319980656776956
624,0.00013773181123324352,0.04344589342655855,1.7332398120819896,0.02317656268021745
625,0.0001368380695837094,0.043167050799900165,1.7336621106257666,0.023034000504748475
626,0.00013595023771504437,0.04289001278974187,1.734081747514352,0.022892289458190124
627,0.0001350682754086309,0.042614767626910556,1.734498739209701,0.022751424887978697
628,0.0001341921427344225,0.04234130362001543,1.7349131020760784,0.02261140216117074
629,0.0001333218000486804,0.04206960915492335,1.7353248523805815,0.02247221666444546
630,0.00013245720799173025,0.04179967269423777,1.735734006293664,0.022333863804105538
631,0.00013159832748573907,0.041531482776781294,1.7361405798896556,0.022196339006076368
632,0.00013074511973251176,0.0412650280170818,1.736544589147281,0.02205963771590378
633,0.00012989754621130735,0.041000297104862145,1.7369460499501754,0.02192375539875024
634,0.00012905556867667467,0.04073727880453331,1.7373449780873995,0.02178868753938956
635,0.0001282191491563071,0.04047596195469114,1.7377413892539515,0.021654429642200154
636,0.00012738824994891636,0.04021633546761652,1.7381352990512768,0.021520977231156892
637,0.00012656283362212512,0.03995838832877896,1.7385267229877766,0.021388325849821525
638,0.00012574286301037814,0.03970210959634371,1.7389156764793132,0.02125647106133175
639,0.00012492830121287195,0.039447488400682164,1.739302174849715,0.021125408448388915
640,0.00012411911159150257,0.03919451394388573,1.7396862333312775,0.02099513361324441
641,0.0001233152577688314,0.03894317549928299,1.7400678670652625,0.020865642177684766
642,0.00012251670362606898,0.038693462410960285,1.7404470911023973,0.02073692978301547
643,0.00012172341330107617,0.03844536409328547,1.740823920403369,0.020608992090043528
644,0.00012093535118638315,0.038198870030435116,1.7411983698393187,0.020481824779058837
645,0.0001201524819272255,0.037953969775924835,1.7415704541923327,0.020355423549814303
646,0.00011937477041959747,0.037710652952142945,1.7419401881559318,0.020229784121504838
647,0.00011860218180832224,0.03746890924988728,1.7423075863355584,0.020104902232745168
648,0.00011783468148513885,0.037228728427905255,1.7426726632490623,0.019980773641546518
649,0.00011707223508680592,0.036990100312437074,1.7430354333271831,0.01985739412529221
650,0.00011631480849322164,0.03675301479676207,1.7433959109140318,0.019734759480712148
651,0.00011556236782556016,0.036517461840748215,1.743754110267569,0.019612865523856254
652,0.00011481487944442403,0.036283431470404734,1.744110045560083,0.019491708090066857
653,0.00011407230994801257,0.03605091377743776,1.7444637308786632,0.01937128303395008
654,0.00011333462617030615,0.03581989891880907,1.7448151802256735,0.019251586229346192
655,0.00011260179517926598,0.03559037711629793,1.7451644075192227,0.019132613569299024
656,0.00011187378427504942,0.03536233865606582,1.7455114265936338,0.01901436096602439
657,0.00011115056098824062,0.03513577388822432,1.745856251199909,0.0188968243508776
658,0.00011043209307809633,0.034910673226405856,1.746198895006195,0.018779999674320026
659,0.0001097183485308067,0.03468702714733743,1.746539371598246,0.01866388290588479
660,0.000109009295557771,0.03446482619041733,1.7468776944798823,0.01854847003414159
661,0.00010830490259388807,0.034244060957294715,1.7472138770734498,0.018433757066660603
662,0.00010760513829586121,0.03402472211145209,1.7475479327202754,0.01831974002997562
663,0.00010690997154051769,0.033806800377790686,1.7478798746811215,0.018206414969546312
664,0.0001062193714231424,0.033590286542218684,1.7482097161366374,0.01809377794971971
665,0.00010553330725582576,0.03337517145124225,1.74853747018781,0.01798182505369089
666,0.00010485174856582555,0.03316144601155942,1.748863149856411,0.017870552383462884
667,0.00010417466509394271,0.03294910118965674,1.7491867680854425,0.01775995605980587
668,0.00010350202679291073,0.03273812801140876,1.7495083377395817,0.01765003222221557
669,0.0001028338038257988,0.03252851756168016,1.749827871605622,0.017540777028870993
670,0.00010216996656442833,0.03232026098393071,1.7501453823929123,0.017432186656591447
671,0.0001015104855878028,0.03211334947982293,1.7504608827337953,0.017324257300792845
672,0.00010085533168055094,0.03190777430883242,1.7507743851840425,0.017216985175443386
673,0.00010020447583138278,0.031703526787860876,1.751085902223288,0.017110366513018557
674,9.955788923155887e-05,0.0315005982908518,1.75139544625546,0.017004397564455494
675,9.891554327337217e-05,0.03129898024840879,1.75170302960921,0.016899074599106743
676,9.827740954864271e-05,0.031098664147416515,1.7520086645383404,0.016794393904693398
677,9.764345984722486e-05,0.03089964153066425,1.7523123632222297,0.01669035178725764
678,9.701366615552693e-05,0.030701903996472022,1.7526141377662565,0.016586944571114735
679,9.638800065504324e-05,0.030505443198319313,1.75291400020222,0.016484168598804416
680,9.57664357208984e-05,0.0303102508444763,1.7532119624887599,0.016382020231041773
681,9.514894392040357e-05,0.03011631869763766,1.7535080365117732,0.01628049584666756
682,9.453549801162487e-05,0.02992363857455885,1.7538022340848303,0.016179591842598023
683,9.392607094196352e-05,0.029732202345694913,1.7540945669495878,0.01607930463377419
684,9.332063584674783e-05,0.029542001934841737,1.7543850467761997,0.015979630653110685
685,9.271916604783681e-05,0.029353029318779807,1.7546736851637272,0.015880566351444064
686,9.212163505223525e-05,0.02916527652692036,1.7549604936405456,0.01578210819748067
687,9.152801655072041e-05,0.028978735640953986,1.7552454836647502,0.015684252677744055
688,9.093828441647975e-05,0.02879339879450167,1.7555286666245589,0.015586996296521922
689,9.035241270376011e-05,0.028609258172768156,1.7558100538387142,0.015490335575812702
690,8.977037564652791e-05,0.028426306012197738,1.7560896565568829,0.015394267055271646
691,8.91921476571403e-05,0.02824453460013241,1.7563674859600527,0.015298787292156559
692,8.861770332502727e-05,0.02806393627447232,1.7566435531609284,0.015203892861273122
693,8.804701741538452e-05,0.02788450342333859,1.756917869204325,0.01510958035491984
694,8.748006486787703e-05,0.027706228484738415,1.75719044506756,0.015015846382832607
695,8.691682079535323e-05,0.027529103946232477,1.757461291660842,0.014922687572128937
696,8.635726048256965e-05,0.027353122344604613,1.7577304198276598,0.014830100567251822
697,8.580135938492595e-05,0.02717827626553377,1.7579978403451668,0.014738082029913278
698,8.524909312721029e-05,0.027004558343268176,1.7582635639245658,0.01464662863903754
699,8.470043750235479e-05,0.026831961260301757,1.7585276012114908,0.014555737090703964
700,8.41553684702013e-05,0.026660477747052765,1.7587899627863863,0.014465404098089612
701,8.361386215627695e-05,0.026490100581544596,1.7590506591648865,0.014375626391411555
702,8.307589485057977e-05,0.026320822589088796,1.7593097007981906,0.01428640071786887
703,8.254144300637407e-05,0.026152636641970234,1.759567098073438,0.01419772384158439
704,8.201048323899557e-05,0.025985535659134418,1.7598228613140794,0.01410959254354617
705,8.148299232466621e-05,0.025819512605876956,1.7600770007802486,0.014022003621548708
706,8.095894719931844e-05,0.02565456049353513,1.7603295266691306,0.013934953890133916
707,8.043832495742905e-05,0.02549067237918158,1.760580449115328,0.013848440180531857
708,7.992110285086233e-05,0.025327841365320087,1.7608297781912268,0.013762459340601253
709,7.940725828772256e-05,0.025166060599583404,1.7610775239073582,0.013677008234769781
710,7.889676883121569e-05,0.025005323274433194,1.7613236962127605,0.013592083743974156
711,7.838961219852016e-05,0.02484562262686197,1.7615683049953386,0.013507682765600007
712,7.788576625966674e-05,0.024686951938097085,1.7618113600822207,0.013423802213421578
713,7.738520903642732e-05,0.02452930453330676,1.7620528712401147,0.01334043901754123
714,7.688791870121264e-05,0.024372673781308085,1.762292848175661,0.013257590124328774
715,7.639387357597871e-05,0.024217053094277016,1.7625313005357854,0.01317525249636064
716,7.59030521311421e-05,0.02406243592746038,1.7627682379080487,0.013093423112358882
717,7.541543298450367e-05,0.023908815778889786,1.7630036698209948,0.013012098967130034
718,7.493099490018105e-05,0.02375618618909755,1.7632376057444976,0.012931277071503822
719,7.444971678754945e-05,0.02360454074083448,1.7634700550901055,0.01285095445227174
720,7.397157770019098e-05,0.02345387305878966,1.7637010272113838,0.01277112815212551
721,7.349655683485224e-05,0.023304176809312075,1.7639305314042568,0.01269179522959539
722,7.302463353041019e-05,0.023155445700134177,1.7641585769073462,0.012612952758988409
723,7.25557872668462e-05,0.023007673480097298,1.7643851729023086,0.012534597830326455
724,7.208999766422815e-05,0.022860853938878958,1.7646103285141717,0.0124567275492843
725,7.162724448170067e-05,0.022714980906722006,1.764834052811668,0.012379339037127502
726,7.116750761648324e-05,0.022570048254165614,1.7650563548075668,0.012302429430650245
727,7.071076710287622e-05,0.022426049891778103,1.7652772434590052,0.012225995882113079
728,7.025700311127475e-05,0.022282979769891555,1.7654967276678157,0.012150035559180601
729,6.980619594719028e-05,0.022140831878338284,1.7657148162808547,0.01207454564485907
730,6.935832605027988e-05,0.021999600246189036,1.765931518090326,0.011999523337433943
731,6.891337399338315e-05,0.021859278941493,1.7661468418341053,0.011924965850407384
732,6.84713204815666e-05,0.02171986207101959,1.7663607961960621,0.011850870412435703
733,6.803214635117562e-05,0.021581343780001955,1.7665733898063791,0.011777234267266765
734,6.759583256889378e-05,0.021443718251882248,1.7667846312418705,0.011704054673677355
735,6.716236023080953e-05,0.021306979708058615,1.766994529026299,0.01163132890541052
736,6.673171056149007e-05,0.021171122407633906,1.7672030916306907,0.011559054251112878
737,6.630386491306262e-05,0.021036140647166076,1.767410327473648,0.011487228014271912
738,6.587880476430266e-05,0.0209020287604203,1.767616244921661,0.01141584751315325
739,6.545651171972941e-05,0.020768781118122748,1.7678208522894185,0.011344910080737933
740,6.503696750870818e-05,0.020636392127716043,1.7680241578401146,0.011274413064659684
741,6.462015398455986e-05,0.020504856233116358,1.768226169785756,0.011204353827142176
742,6.420605312367718e-05,0.020374167914472188,1.768426896287467,0.0111347297449363
743,6.37946470246479e-05,0.020244321687924713,1.7686263454557922,0.011065538209257457
744,6.33859179073847e-05,0.020115312105369834,1.7688245253509989,0.010996776625722862
745,6.297984811226188e-05,0.01998713375422177,1.769021443983376,0.01092844241428886
746,6.25764200992587e-05,0.01985978125717829,1.7692171093135332,0.01086053300918828
747,6.217561644710931e-05,0.01973324927198751,1.7694115292526966,0.010793045858867808
748,6.17774198524592e-05,0.019607532491216294,1.769604711663005,0.010725978425925408
749,6.138181312902824e-05,0.01948262564202019,1.769796664357802,0.010659328187047769
750,6.098877920678009e-05,0.019358523485914943,1.7699873951019296,0.010593092632947804
751,6.059830113109803e-05,0.019235220818549538,1.7701769116120163,0.010527269268302188
752,6.021036206196704e-05,0.0191127124694808,1.7703652215567673,0.010461855611688962
753,5.982494527316226e-05,0.018990993301949477,1.7705523325572512,0.010396849195525179
754,5.944203415144359e-05,0.01887005821265789,1.770738252187185,0.010332247566004609
755,5.9061612195756514e-05,0.01874990213154902,1.7709229879732187,0.010268048283035524
756,5.868366301643895e-05,0.018630520021587143,1.7711065473952168,0.010204248920178533
757,5.830817033443428e-05,0.018511906878539913,1.77128893788654,0.010140847064584497
758,5.793511798051027e-05,0.018394057730761932,1.7714701668343238,0.010077840316932518
759,5.756448989448404e-05,0.01827696763897976,1.7716502415797566,0.010015226291368001
760,5.7196270124452875e-05,0.018160631696078403,1.7718291694183552,0.00995300261544081
761,5.683044282603092e-05,0.018045045026889216,1.7720069576002402,0.009891166930043495
762,5.646699226159168e-05,0.017930202787979244,1.7721836133304085,0.009829716889349615
763,5.610590279951626e-05,0.017816100167441992,1.7723591437690054,0.009768650160752157
764,5.574715891344735e-05,0.017702732384689602,1.772533556031594,0.009707964424802039
765,5.53907451815488e-05,0.01759009469024641,1.7727068571894244,0.009647657375146727
766,5.5036646285770885e-05,0.017478182365543913,1.7728790542697006,0.009587726718468938
767,5.4684847011121065e-05,0.01736699072271712,1.7730501542558454,0.00952817017442546
768,5.433533224494032e-05,0.01725651510440227,1.7732201640877658,0.009468985475586068
769,5.39880869761849e-05,0.017146750883535896,1.7733890906621144,0.009410170367372565
770,5.3643096294713524e-05,0.017037693463155253,1.773556940832551,0.009351722607997921
771,5.330034539057997e-05,0.016929338276200107,1.7737237214100028,0.00929363996840554
772,5.295981955333095e-05,0.016821680785315814,1.7738894391629212,0.009235920232208636
773,5.262150417130934e-05,0.016714716482657772,1.7740541008175401,0.00917856119562974
774,5.228538473096259e-05,0.01660844088969715,1.7742177130581305,0.009121560667440326
775,5.195144681615637e-05,0.016502849557027948,1.7743802825272543,0.00906491646890056
776,5.161967610749336e-05,0.016397938064175326,1.7745418158260169,0.009008626433699192
777,5.129005838163712e-05,0.016293702019405255,1.7747023195143186,0.008952688407893558
778,5.0962579510641125e-05,0.016190137059535422,1.7748618001111032,0.008897100249849736
779,5.063722546128269e-05,0.016087238849747408,1.7750202640946076,0.00884185983018283
780,5.0313982294402005e-05,0.015985003083400142,1.7751777179026071,0.008786965031697383
781,4.999283616424603e-05,0.015883425481844595,1.7753341679326622,0.008732413749327955
782,4.9673773317817344e-05,0.0157825017942397,1.7754896205423616,0.008678203890079816
783,4.935678009422783e-05,0.015682227797369552,1.7756440820495654,0.008624333372969802
784,4.904184292405716e-05,0.015582599295461795,1.7757975587326458,0.008570800128967314
785,4.872894832871613e-05,0.015483612120007248,1.7759500568307276,0.00851760210093546
786,4.8418082919814674e-05,0.015385262129580723,1.7761015825439261,0.008464737243572362
787,4.8109233398534586e-05,0.015287545209663068,1.7762521420335848,0.008412203523352592
788,4.7802386555006944e-05,0.015190457272464375,1.7764017414225108,0.008359998918468793
789,4.7497529267694134e-05,0.0150939942567484,1.7765503867952095,0.008308121418773426
790,4.719464850277645e-05,0.014998152127658138,1.7766980841981175,0.008256569025720698
791,4.6893731313543265e-05,0.014902926876542578,1.7768448396398344,0.008205339752308641
792,4.659476483978871e-05,0.014808314520784616,1.7769906590913533,0.008154431623021353
793,4.6297736307211824e-05,0.014714311103630117,1.7771355484862903,0.0081038426737714
794,4.600263302682113e-05,0.014620912694018124,1.7772795137211117,0.008053570951842382
795,4.5709442394343644e-05,0.014528115386412204,1.7774225606553609,0.00800361451583168
796,4.541815188963822e-05,0.014435915300632918,1.777564695111883,0.007953971435593349
797,4.512874907611325e-05,0.014344308581691423,1.7777059228770502,0.007904639792181192
798,4.4841221600148624e-05,0.014253291399624167,1.7778462497009826,0.007855617677792005
799,4.4555557190522e-05,0.014162859949328713,1.7779856812977708,0.0078069031957089955
800,4.427174365783926e-05,0.014073010450400639,1.778124223345695,0.007758494460245363
801,4.398976889396915e-05,0.013983739146971545,1.7782618814874454,0.0077103895966880685
802,4.370962087148215e-05,0.013895042307548134,1.7783986613303375,0.007662586741241772
803,4.343128764309334e-05,0.01380691622485237,1.7785345684465306,0.007615084040972947
804,4.315475734110951e-05,0.013719357215662701,1.778669608373241,0.007567879653754177
805,4.288001817688017e-05,0.013632361620656348,1.7788037866129571,0.00752097174820863
806,4.2607058440252726e-05,0.013545925804252644,1.7789371086336514,0.00747435850365471
807,4.233586649903153e-05,0.013460046154457415,1.7790695798689917,0.007428038110050896
808,4.206643079844099e-05,0.01337471908270841,1.7792012057185516,0.0073820087679407585
809,4.179873986059251e-05,0.01328994102372175,1.7793319915480186,0.007336268688398162
810,4.1532782283955416e-05,0.013205708435339414,1.7794619426894032,0.007290816092972657
811,4.1268546742831685e-05,0.013122017798377728,1.7795910644412436,0.007245649213635043
812,4.100602198683453e-05,0.013038865616476878,1.7797193620688123,0.007200766292723136
813,4.0745196840370796e-05,0.012956248415951423,1.7798468408043198,0.00715616558288771
814,4.04860602021271e-05,0.012874162745641791,1.7799735058471167,0.007111845347038635
815,4.022860104455975e-05,0.012792605176766792,1.7800993623638968,0.007067803858291196
816,3.997280841338836e-05,0.012711572302777084,1.7802244154888962,0.007024039399912608
817,3.9718671427093105e-05,0.012631060739209634,1.7803486703240938,0.006980550265268721
818,3.9466179276415725e-05,0.012551067123543149,1.7804721319394088,0.0069373347577709145
819,3.921532122386407e-05,0.012471588115054454,1.7805948053728977,0.006894391190823179
820,3.896608660322025e-05,0.01239262039467585,1.7807166956309508,0.0068517178877694025
821,3.8718464819052413e-05,0.012314160664853394,1.780837807688486,0.0068093131818408375
822,3.847244534622998e-05,0.01223620564940615,1.7809581464891433,0.006767175416103771
823,3.8228017729442454e-05,0.01215875209338635,1.7810777169454763,0.006725302943407379
824,3.798517158272165e-05,0.012081796762940512,1.7811965239391445,0.006683694126331788
825,3.774389658896747e-05,0.012005336445171455,1.7813145723211028,0.006642347337136324
826,3.750418249947699e-05,0.011929367948001259,1.7814318669117908,0.006601260957707954
827,3.726601913347705e-05,0.011853888100035112,1.781548412501321,0.0065604333795099366
828,3.702939637766016e-05,0.01177889375042608,1.7816642138496652,0.006519863003530655
829,3.6794304185723777e-05,0.011704381768740762,1.7817792756868405,0.006479548240232659
830,3.6560732577912885e-05,0.01163034904482585,1.781893602713094,0.0064394875095019
831,3.632867164056589e-05,0.011556792488675565,1.7820071995990865,0.006399679240597154
832,3.6098111525663764e-05,0.011483709030299985,1.7821200709860745,0.0063601218720996675
833,3.586904245038243e-05,0.011411095619594231,1.7822322214860922,0.006320813851862974
834,3.56414546966484e-05,0.011338949226208548,1.7823436556821317,0.0062817536369629305
835,3.541533861069758e-05,0.011267266839419213,1.782454378128322,0.006242939693647942
836,3.519068460263721e-05,0.011196045468000336,1.7825643933501074,0.006204370497289393
837,3.496748314601101e-05,0.011125282140096492,1.782673705844425,0.006166044532332268
838,3.4745724777367415e-05,0.011054973903096193,1.7827823200798802,0.006127960292245986
839,3.452540009583088e-05,0.010985117823506214,1.7828902404969222,0.006090116279475422
840,3.43064997626763e-05,0.010915710986826749,1.7829974715080181,0.006052511005392142
841,3.408901450090642e-05,0.010846750497427391,1.7831040174978257,0.0060151429902458205
842,3.387293509483235e-05,0.010778233478423936,1.7832098828233651,0.005978010763115883
843,3.3658252389656994e-05,0.010710157071555999,1.7833150718141908,0.005941112861863326
844,3.344495729106148e-05,0.010642518437065455,1.7834195887725606,0.005904447833082751
845,3.3233040764794574e-05,0.010575314753575671,1.7835234379736047,0.005868014232054602
846,3.302249383626498e-05,0.01050854321797155,1.7836266236654943,0.005831810622697585
847,3.2813307590136595e-05,0.010442201045280352,1.783729150069608,0.005795835577521318
848,3.2605473169926584e-05,0.010376285468553332,1.7838310213806974,0.005760087677579156
849,3.239898177760638e-05,0.010310793738748133,1.783932241767053,0.005724565512421229
850,3.219382467320547e-05,0.010245723124611975,1.784032815370667,0.005689267680047683
851,3.198999317441806e-05,0.01018107091256562,1.7841327463073977,0.005654192786862116
852,3.1787478656212464e-05,0.01011683440658809,1.7842320386671304,0.005619339447625219
853,3.158627255044332e-05,0.010053010928102155,1.7843306965139387,0.005584706285408616
854,3.138636634546656e-05,0.009989597815860592,1.784428723886245,0.005550291931548909
855,3.1187751585757055e-05,0.009926592425833172,1.7845261247969793,0.005516095025601917
856,3.0990419871529065e-05,0.009863992131094413,1.784622903233737,0.005482114215297121
857,3.0794362858359276e-05,0.009801794321712071,1.7847190631589374,0.005448348156492312
858,3.059957225681259e-05,0.009739996404636363,1.7848146085099785,0.00541479551312843
859,3.040603983207052e-05,0.00967859580358993,1.7849095431993935,0.005381454957184617
860,3.0213757403562218e-05,0.009617589958958523,1.7850038711150047,0.005348325168633455
861,3.002271684459813e-05,0.009556976327682407,1.7850975961200768,0.00531540483539642
862,2.9832910082006228e-05,0.009496752383148496,1.7851907220534702,0.00528269265329952
863,2.9644329095770803e-05,0.009436915615083188,1.7852832527297922,0.005250187326029148
864,2.945696591867383e-05,0.009377463529445915,1.7853751919395475,0.005217887565088124
865,2.9270812635938836e-05,0.009318393648323393,1.785466543449289,0.00518579208975194
866,2.9085861384877313e-05,0.009259703509824567,1.7855573110017655,0.005153899627025205
867,2.8902104354537583e-05,0.009201390667976265,1.785647498316071,0.005122208911598287
868,2.8719533785356164e-05,0.009143452692619512,1.7857371090877912,0.005090718685804153
869,2.853814196881159e-05,0.009085887169306564,1.7858261469891494,0.005059427699575415
870,2.8357921247080655e-05,0.009028691699198595,1.785914615669153,0.00502833471040156
871,2.8178864012697065e-05,0.008971863898964063,1.7860025187537372,0.004997438483286392
872,2.8000962708212526e-05,0.008915401400677763,1.7860898598459087,0.004966737790705661
873,2.7824209825860168e-05,0.00885930185172053,1.7861766425258891,0.004936231412564901
874,2.764859790722037e-05,0.008803562914679597,1.7862628703512562,0.004905918136157446
875,2.747411954288891e-05,0.008748182267249636,1.7863485468570852,0.004875796756122664
876,2.7300767372147426e-05,0.008693157602134429,1.7864336755560895,0.004845866074404375
877,2.7128534082636235e-05,0.008638486626949198,1.786518259938759,0.004816124900209465
878,2.69574124100294e-05,0.008584167064123571,1.7866023034735,0.004786572049966701
879,2.6787395137712084e-05,0.008530196650805195,1.7866858096067715,0.004757206347285736
880,2.661847509646018e-05,0.008476573138763979,1.7867687817632234,0.00472802662291631
881,2.6450645164122158e-05,0.008423294294296972,1.7868512233458314,0.004699031714707652
882,2.6283898265303145e-05,0.008370357898133864,1.786933137736033,0.0046702204675680625
883,2.6118227371051226e-05,0.008317761745343115,1.7870145282938612,0.004641591733424704
884,2.5953625498545907e-05,0.008265503645238693,1.7870953983580793,0.004613144371183576
885,2.5790085710788783e-05,0.008213581421287431,1.7871757512463122,0.004584877246689684
886,2.5627601116296347e-05,0.008161992911017001,1.7872555902551794,0.0045567892326874035
887,2.546616486879495e-05,0.00811073596592448,1.787334918660426,0.004528879208781036
888,2.5305770166917873e-05,0.008059808451385528,1.7874137397170522,0.004501146061395553
889,2.5146410253904527e-05,0.00800920824656416,1.7874920566594446,0.004473588683737532
890,2.4988078417301737e-05,0.007958933244323112,1.7875698727015035,0.004446205975756288
891,2.4830767988667115e-05,0.007908981351134797,1.7876471910367715,0.00441899684410519
892,2.4674472343274484e-05,0.007859350486992848,1.787724014838561,0.004391960202103167
893,2.4519184899821352e-05,0.007810038585324238,1.7878003472600796,0.004365094969696409
894,2.436489912013844e-05,0.007761043592901985,1.7878761914345578,0.004338400073420248
895,2.421160850890119e-05,0.007712363469758426,1.7879515504753716,0.004311874446361237
896,2.4059306613343318e-05,0.00766399618909906,1.7880264274761684,0.004285517028119408
897,2.3907987022972323e-05,0.007615939737216964,1.7881008255109896,0.0042593267647707215
898,2.3757643369286984e-05,0.007568192113407764,1.7881747476343934,0.004233302608829707
899,2.3608269325496816e-05,0.007520751329885168,1.7882481968815773,0.004207443519212279
900,2.3459858606243463e-05,0.007473615411697056,1.7883211762684983,0.004181748461198751
901,2.3312404967324035e-05,0.00742678239664212,1.7883936887919938,0.004156216406397023
902,2.3165902205416342e-05,0.007380250335187047,1.7884657374299018,0.004130846332705964
903,2.3020344157806047e-05,0.007334017290384251,1.7885373251411791,0.0041056372242789735
904,2.287572470211569e-05,0.00728808133779015,1.7886084548660202,0.004080588071487726
905,2.2732037756035608e-05,0.007242440565383963,1.788679129525974,0.004055697870886099
906,2.2589277277056692e-05,0.007197093073487058,1.7887493520240618,0.00403096562517429
907,2.2447437262205004e-05,0.007152036974682823,1.7888191252448922,0.004006390343163103
908,2.2306511747778224e-05,0.007107270393737056,1.788888452054777,0.00398197103973843
909,2.2166494809083912e-05,0.007062791467518889,1.7889573353018464,0.003957706735825904
910,2.2027380560179585e-05,0.007018598344922224,1.7890257778161622,0.003933596458355733
911,2.188916315361458e-05,0.006974689186787684,1.7890937824098314,0.003909639240227722
912,2.1751836780173688e-05,0.006931062165825082,1.7891613518771188,0.0038858341202764645
913,2.1615395668622577e-05,0.006887715466536388,1.7892284889945587,0.0038621801432367183
914,2.1479834085454952e-05,0.006844647285139213,1.7892951965210668,0.0038386763597089554
915,2.1345146334641453e-05,0.006801855829490789,1.78936147719805,0.003815321826125095
916,2.12113267573803e-05,0.006759339319012445,1.7894273337495161,0.003792115604714408
917,2.107836973184963e-05,0.006717095984614584,1.7894927688821842,0.0037690567634696
918,2.0946269672961552e-05,0.006675124068622145,1.7895577852855922,0.003746144376113071
919,2.0815021032117894e-05,0.00663342182470056,1.7896223856322042,0.003723377522063349
920,2.0684618296967618e-05,0.006591987517782194,1.7896865725775193,0.003700755286401697
921,2.0555055991165902e-05,0.006550819423993267,1.789750348760177,0.003678276759838898
922,2.042632867413489e-05,0.0065099158305812485,1.7898137168020627,0.003655941038682207
923,2.0298430940826065e-05,0.006469275035842741,1.7898766793084142,0.0036337472248024827
924,2.0171357421484266e-05,0.006428895349051824,1.7899392388679254,0.0036116944256014867
925,2.0045102781413316e-05,0.006388775090388874,1.7900013980528506,0.003589781753979356
926,1.991966172074326e-05,0.006348912590869843,1.7900631594191074,0.003568008328302246
927,1.9795028974199192e-05,0.006309306192276013,1.79012452550638,0.003546373272370143
928,1.9671199310871672e-05,0.006269954247084197,1.7901854988382204,0.0035248757153848475
929,1.9548167533988716e-05,0.006230855118397405,1.7902460819221508,0.003503514791918127
930,1.9425928480689334e-05,0.0061920071798759625,1.7903062772497638,0.0034822896418800356
931,1.9304477021798632e-05,0.006153408815669073,1.7903660872968221,0.003461199410487403
932,1.918380806160444e-05,0.006115058420346841,1.7904255145233594,0.003440243248232489
933,1.9063916537635484e-05,0.0060769543988327315,1.790484561373778,0.0034194203108518077
934,1.8944797420441043e-05,0.0060390951663364684,1.7905432302769482,0.0033987297592951117
935,1.882644571337214e-05,0.006001479148287382,1.7906015236463049,0.0033781707596945492
936,1.8708856452364226e-05,0.005964104780268182,1.7906594438799457,0.003357742483333981
937,1.8592024705721322e-05,0.00592697050794917,1.7907169933607268,0.0033374441066184608
938,1.8475945573901654e-05,0.005890074787022883,1.7907741744563594,0.003317274811043883
939,1.8360614189304755e-05,0.005853416083139158,1.790830989519505,0.0032972337831667893
940,1.8246025716059996e-05,0.005816992871840627,1.7908874408878692,0.0032773202145743407
941,1.813217534981658e-05,0.00578080363849863,1.7909435308842974,0.0032575333018544463
942,1.8019058317534956e-05,0.005744846878249553,1.790999261816867,0.0032378722465660602
943,1.7906669877279648e-05,0.00570912109593157,1.7910546359789818,0.0032183362552096312
944,1.779500531801351e-05,0.005673624806021812,1.7911096556494628,0.0031989245391977165
945,1.768405995939338e-05,0.00563835653257394,1.7911643230926413,0.0031796363148257544
946,1.757382915156709e-05,0.005603314809156126,1.7912186405584496,0.003160470803242992
947,1.7464308274971913e-05,0.0055684981787894345,1.7912726102825123,0.003141427230423574
948,1.735549274013433e-05,0.00553390519388662,1.7913262344862357,0.0031225048271377866
949,1.7247377987471197e-05,0.00549953441619131,1.791379515376898,0.0031037028289234597
950,1.713995948709222e-05,0.005465384416717594,1.791432455147738,0.003085020476057521
951,1.7033232738603805e-05,0.005431453775690001,1.791485055978044,0.003066457013527711
952,1.6927193270914246e-05,0.005397741082483876,1.791537320033241,0.0030480116910044453
953,1.682183664204019e-05,0.005364244935566139,1.7915892494649792,0.0030296837628128372
954,1.6717158438914467e-05,0.005330963942436433,1.7916408464112201,0.0030114724879048713
955,1.6613154277195184e-05,0.005297896719568659,1.7916921129963228,0.0029933771298317263
956,1.6509819801076136e-05,0.005265041892352887,1.79174305133113,0.0029753969567162543
957,1.6407150683098493e-05,0.005232398095037652,1.791793663513054,0.0029575312412256105
958,1.630514262396377e-05,0.005199963970672625,1.7918439516261597,0.002939779260544029
959,1.6203791352348045e-05,0.00516773817105165,1.7918939177412505,0.002922140296345756
960,1.6103092624717458e-05,0.0051357193566561685,1.7919435639159513,0.0029046136347681242
961,1.600304222514495e-05,0.005103906196598998,1.7919928921947914,0.002887198566384784
962,1.590363596512823e-05,0.005072297368568487,1.7920419046092877,0.0028698943861790744
963,1.5804869683408994e-05,0.005040891558773026,1.7920906031780264,0.0028527003935175485
964,1.5706739245793352e-05,0.0050096874618859285,1.792138989906745,0.002835615892123641
965,1.560924054497347e-05,0.004978683780990668,1.7921870667884132,0.0028186401900514835
966,1.5512369500350418e-05,0.004947879227526471,1.7922348358033136,0.0028017725996598653
967,1.5416122057858232e-05,0.004917272521234264,1.7922822989191218,0.0027850124375863377
968,1.532049418978913e-05,0.004886862390102978,1.792329458090986,0.002768359024721465
969,1.522548189461993e-05,0.004856647570316196,1.7923763152616063,0.002751811686183216
970,1.5131081196839648e-05,0.004826626806199152,1.792422872361313,0.0027353697512915
971,1.5037288146778231e-05,0.00479679885016608,1.7924691313081447,0.0027190325535428445
972,1.4944098820436475e-05,0.004767162462667894,1.7925150940079269,0.002702799430585215
973,1.4851509319317064e-05,0.004737716412140222,1.7925607623543478,0.002686669724192975
974,1.4759515770256769e-05,0.0047084594749517705,1.7926061382290364,0.0026706427802419865
975,1.4668114325259763e-05,0.0046793904353530265,1.7926512235016372,0.0026547179486848494
976,1.4577301161332068e-05,0.004650508085425297,1.7926960200298874,0.0026388945835262826
977,1.448707248031711e-05,0.004621811225030077,1.7927405296596912,0.002623172042798639
978,1.4397424508732384e-05,0.004593298661758748,1.7927847542251951,0.0026075496885375636
979,1.4308353497607223e-05,0.004564969210882606,1.7928286955488622,0.0025920268867577825
980,1.4219855722321648e-05,0.004536821695303213,1.7928723554415456,0.0025766030074290346
981,1.4131927482446314e-05,0.004508854945503072,1.7929157357025625,0.002561277424452134
982,1.4044565101583523e-05,0.004481067799496621,1.7929588381197668,0.0025460495156351694
983,1.3957764927209309e-05,0.004453459102781553,1.7930016644696216,0.0025309186626698414
984,1.3871523330516583e-05,0.004426027708290447,1.7930442165172713,0.0025158842511079273
985,1.378583670625934e-05,0.0043987724763427105,1.7930864960166133,0.002500945670337884
986,1.3700701472597898e-05,0.004371692274596847,1.793128504710369,0.0024861023135615804
987,1.3616114070945188e-05,0.00434478597800302,1.793170244330155,0.002471353577771167
988,1.3532070965814066e-05,0.004318052468755937,1.7932117165965522,0.00245669886372607
989,1.344856864466567e-05,0.00429149063624803,1.7932529232191772,0.0024421375759301205
990,1.336560361775876e-05,0.004265099377022951,1.7932938658967505,0.002427669122608813
991,1.3283172418000104e-05,0.0042388775947293615,1.793334546317166,0.0024132929156866945
992,1.3201271600795846e-05,0.00421282420007503,1.7933749661575593,0.002399008370764878
993,1.3119897743903872e-05,0.004186938110781218,1.7934151270843761,0.0023848149070986903
994,1.3039047447287178e-05,0.004161218251537372,1.7934550307534398,0.002370711947575445
995,1.2958717332968206e-05,0.0041356635539561105,1.7934946788100186,0.00235669891869234
996,1.2878904044884161e-05,0.004110272956528493,1.7935340728888922,0.0023427752505344856
997,1.2799604248743305e-05,0.004085045404579593,1.7935732146144188,0.002328940376753056
998,1.2720814631882196e-05,0.004059979850224349,1.7936121056006005,0.002315193734543566
999,1.26425319031239e-05,0.004035075252323713,1.7936507474511492,0.0023015347646242724
